{
  "baseFontSizeAction": true,
  "theme": "obsidian",
  "enabledCssSnippets": [
    "datacore-classes",
    "Easy multi-column notes",
    "hidePropertiesBase",
    "MCL Multi Column",
    "MCL Wide Views",
    "StyleCallouts",
    "cards",
    "prismCalloutStyling",
    "Nick Milo - Custom Callouts - Pro",
    "minorAdds",
    "k",
    "minorFixes",
    "dashboarPlusPlus",
    "ux-customize",
    "tags-color",
    "Sidenote Auto-Adjust Module",
    "Stickynote in Callout-style using Sidenote-Auto-Adjust-Module",
    "Sidenote in Tufte-style using Sidenote-Auto-Adjust-Module",
    "Sidenote Auto-Adjust Module showcase-template"
  ],
  "baseFontSize": 16,
  "showRibbon": true,
  "cssTheme": "",
  "showViewHeader": true,
  "accentColor": "",
  "nativeMenus": false
}