{
  "items": [
    {
      "type": "file",
      "ctime": 1750803722729,
      "path": "SYSTEM/ASSETS/regra-nomenclatura-code-snippets.md"
    },
    {
      "type": "file",
      "ctime": 1751088528040,
      "path": "SELF/ME.md"
    },
    {
      "type": "file",
      "ctime": 1757710849426,
      "path": "ATLAS/01_INDEX/index-templates.md"
    },
    {
      "type": "file",
      "ctime": 1759517440759,
      "path": "50 Projects & Outputs/51 Ongoing/Flight School Obsidian Vault/2025-10-03-Flight School Obsidian Vault.md"
    },
    {
      "type": "file",
      "ctime": 1759914691223,
      "path": "20 Focus Areas/22 Family/Family.md"
    },
    {
      "type": "file",
      "ctime": 1759914700687,
      "path": "20 Focus Areas/24 Youtube PKM Channel/Kanban Youtube PKM Channel.md"
    },
    {
      "type": "file",
      "ctime": 1759914906524,
      "path": "50 Projects & Outputs/51 Ongoing/PKM pro system/PKM pro system.md"
    },
    {
      "type": "file",
      "ctime": 1761774277933,
      "path": "System/Assets/61.1 Dataview/@ Garden & Archtect Review.md"
    },
    {
      "type": "file",
      "ctime": 1759915707489,
      "path": "System/Assets/61.1 Dataview/@_Architect.md"
    },
    {
      "type": "file",
      "ctime": 1759915730423,
      "path": "System/Assets/61.1 Dataview/@_Garden.md"
    },
    {
      "type": "file",
      "ctime": 1763365196996,
      "path": "🏠.md"
    },
    {
      "type": "file",
      "ctime": 1763522288331,
      "path": "Projects & Areas/💡 Ideas.md"
    }
  ]
}