{
  "main": {
    "id": "2178b4b13ad8d220",
    "type": "split",
    "children": [
      {
        "id": "50524fefcc348f5b",
        "type": "tabs",
        "children": [
          {
            "id": "3fcba4a223d06b4d",
            "type": "leaf",
            "pinned": true,
            "state": {
              "type": "markdown",
              "state": {
                "file": "README.md",
                "mode": "preview",
                "source": false,
                "backlinks": false
              },
              "pinned": true,
              "icon": "lucide-file",
              "title": "README"
            }
          },
          {
            "id": "2ae25e95b04e2293",
            "type": "leaf",
            "state": {
              "type": "markdown",
              "state": {
                "file": "Credits & Attribution.md",
                "mode": "preview",
                "source": false,
                "backlinks": false
              },
              "icon": "lucide-file",
              "title": "Credits & Attribution"
            }
          }
        ]
      },
      {
        "id": "50e0819f0b84b066",
        "type": "tabs",
        "children": [
          {
            "id": "db989aa8a3728574",
            "type": "leaf",
            "state": {
              "type": "localgraph",
              "state": {
                "file": "README.md",
                "options": {
                  "collapse-filter": true,
                  "search": "",
                  "localJumps": 1,
                  "localBacklinks": true,
                  "localForelinks": true,
                  "localInterlinks": false,
                  "showTags": false,
                  "showAttachments": false,
                  "hideUnresolved": false,
                  "collapse-color-groups": true,
                  "colorGroups": [],
                  "collapse-display": true,
                  "showArrow": false,
                  "textFadeMultiplier": 0,
                  "nodeSizeMultiplier": 1,
                  "lineSizeMultiplier": 1,
                  "collapse-forces": true,
                  "centerStrength": 0.518713248970312,
                  "repelStrength": 10,
                  "linkStrength": 1,
                  "linkDistance": 250,
                  "scale": 1,
                  "close": true
                }
              },
              "icon": "lucide-git-fork",
              "title": "Graph of README"
            }
          }
        ]
      }
    ],
    "direction": "vertical"
  },
  "left": {
    "id": "da223467db4c9158",
    "type": "split",
    "children": [
      {
        "id": "3ba83bbb7904c6a3",
        "type": "tabs",
        "children": [
          {
            "id": "b34c0f902b1265c0",
            "type": "leaf",
            "state": {
              "type": "file-explorer",
              "state": {
                "sortOrder": "alphabetical",
                "autoReveal": false
              },
              "icon": "lucide-folder-closed",
              "title": "Files"
            }
          },
          {
            "id": "c3dcb494a0674c29",
            "type": "leaf",
            "state": {
              "type": "search",
              "state": {
                "query": "line:(resources)",
                "matchingCase": false,
                "explainSearch": false,
                "collapseAll": false,
                "extraContext": false,
                "sortOrder": "alphabetical"
              },
              "icon": "lucide-search",
              "title": "Search"
            }
          },
          {
            "id": "e0f7509dece0369f",
            "type": "leaf",
            "state": {
              "type": "bookmarks",
              "state": {},
              "icon": "lucide-bookmark",
              "title": "Bookmarks"
            }
          },
          {
            "id": "f7119f2528338e15",
            "type": "leaf",
            "state": {
              "type": "outline",
              "state": {
                "file": "README.md",
                "followCursor": false,
                "showSearch": false,
                "searchQuery": ""
              },
              "icon": "lucide-list",
              "title": "Outline of README"
            }
          }
        ]
      }
    ],
    "direction": "horizontal",
    "width": 357.5110321044922,
    "collapsed": true
  },
  "right": {
    "id": "3703f7d8eaeb01fd",
    "type": "split",
    "children": [
      {
        "id": "c4e9b6b7a7b97459",
        "type": "tabs",
        "children": [
          {
            "id": "2386ef8588c3dc8e",
            "type": "leaf",
            "state": {
              "type": "tag",
              "state": {
                "sortOrder": "frequency",
                "useHierarchy": true,
                "showSearch": false,
                "searchQuery": ""
              },
              "icon": "lucide-tags",
              "title": "Tags"
            }
          },
          {
            "id": "40be355d2ebab86f",
            "type": "leaf",
            "state": {
              "type": "file-properties",
              "state": {
                "file": "README.md"
              },
              "icon": "lucide-info",
              "title": "File properties for README"
            }
          },
          {
            "id": "5d297ae10b81be7a",
            "type": "leaf",
            "state": {
              "type": "calendar",
              "state": {},
              "icon": "calendar-with-checkmark",
              "title": "Calendar"
            }
          }
        ],
        "currentTab": 2
      },
      {
        "id": "13b64413b6cc874a",
        "type": "tabs",
        "children": [
          {
            "id": "1ebc49deb54dd0f7",
            "type": "leaf",
            "state": {
              "type": "all-properties",
              "state": {
                "sortOrder": "frequency",
                "showSearch": false,
                "searchQuery": ""
              },
              "icon": "lucide-archive",
              "title": "All properties"
            }
          },
          {
            "id": "42a6ccda79921454",
            "type": "leaf",
            "state": {
              "type": "outgoing-link",
              "state": {
                "file": "README.md",
                "linksCollapsed": false,
                "unlinkedCollapsed": true
              },
              "icon": "links-going-out",
              "title": "Outgoing links from README"
            }
          },
          {
            "id": "245a49aab2c5cdb7",
            "type": "leaf",
            "state": {
              "type": "backlink",
              "state": {
                "file": "README.md",
                "collapseAll": false,
                "extraContext": false,
                "sortOrder": "alphabetical",
                "showSearch": false,
                "searchQuery": "",
                "backlinkCollapsed": false,
                "unlinkedCollapsed": true
              },
              "icon": "links-coming-in",
              "title": "Backlinks for README"
            }
          }
        ],
        "currentTab": 2
      }
    ],
    "direction": "horizontal",
    "width": 461.5,
    "collapsed": true
  },
  "left-ribbon": {
    "hiddenItems": {
      "periodic-notes:Open today": false,
      "switcher:Open quick switcher": false,
      "graph:Open graph view": false,
      "canvas:Create new canvas": false,
      "daily-notes:Open today's daily note": false,
      "templates:Insert template": false,
      "command-palette:Open command palette": false,
      "random-note:Open random note": false,
      "audio-recorder:Start/stop recording": false,
      "workspaces:Manage workspace layouts": false,
      "bases:Create new base": false,
      "callout-manager:Insert Callout": false,
      "templater-obsidian:Templater": false
    }
  },
  "active": "3fcba4a223d06b4d",
  "lastOpenFiles": [
    "Index & Bases/X.base",
    "X/Assets/Obsidian-CSS-Snippets-Collection/Snippets/Author callout.md",
    "Credits & Attribution.md",
    "README.md",
    "+/Base structure.md",
    "🏠.md",
    "X/Templates/Format/A-Daily Note Template.md",
    "+/3 headspaces ACE.md",
    "X/Assets/Dataview/@-assets.md",
    "X/Assets/Dataview/@_vault-snippets-dates.md",
    "X/Assets/Dataview/@_modified.md",
    "X/Assets/Dataview/@_Garden.md",
    "X/Assets/Dataview/@_areas.md",
    "X/Assets/Dataview/@-templates.md",
    "X/Assets/Dataview/@_Efforts.md",
    "Calendar & Review/Daily Notes/2026-01-22.md",
    "X/Assets/Hotkeys.md",
    "README (2).md",
    "create a link.md",
    "Index & Bases/+.base",
    "X/Assets/Obsidian-CSS-Snippets-Collection/LICENSE.md",
    "X/Assets/Obsidian-CSS-Snippets-Collection/css snippets collection.md",
    "X/Assets/Obsidian-CSS-Snippets-Collection/Snippets/Blockquote styling 02.md",
    "X/Assets/Obsidian-CSS-Snippets-Collection/Snippets/Accented settings side headings.md",
    "X/Assets/Obsidian-CSS-Snippets-Collection/Snippets/Banner.md",
    "X/Assets/Obsidian-CSS-Snippets-Collection/Snippets/Callout styling - Callout without icon.md",
    "X/Assets/Obsidian-CSS-Snippets-Collection/obsidian-css-snippets/README.md",
    "X/Bases/+.base",
    "X/Bases/x.base",
    "X/Bases/VISUALS.base",
    "X/Bases/RECENTS.base",
    "X/Bases/ORPHANAGE.base",
    "X/Bases/MAPS.base",
    "Index & Bases",
    "Calendar & Review/Daily Notes",
    "+/nen-system-hxh.canvas",
    "X/Media/Images/Pasted image 20251209000400.png",
    "X/Media/Images/Pasted image 20251209000351.png",
    "X/Media/Images/Pasted image 20251209000350.png",
    "X/Media/Images/Pasted image 20251209000247.png",
    "X/Media/Images/quickadd usecases - 2025-12-08.png",
    "X/Assets/Obsidian-CSS-Snippets-Collection/obsidian-css-snippets/Snippets/Folding arrows/demo.png",
    "X/Media/Images/2025-11-26-memo-quotes.png",
    "X/Media/Images/human.png",
    "X/Media/Images/em.png",
    "X/Media/Images/bio.png",
    "Projects & Areas/Projects/Archives/independent/webdesign/web.design.canvas",
    "Projects & Areas/Projects/Ongoing/Obsidian Community/Untitled.canvas",
    "Knowlegde/Maps &  Index/34.2 Maps/+_CANVAS_AOC.canvas",
    "Knowlegde/Maps &  Index/34.2 Maps/+_CANVAS-DATASCIENCE.canvas",
    "Knowlegde/34 Maps &  Index/34.2 Maps/mapa-pkm.canvas",
    "Sem título.canvas",
    "30 Knowlegde/34 Maps &  Index/34.2 Maps/+_CANVAS_AOC.canvas",
    "30 Knowlegde/34 Maps &  Index/34.2 Maps/mapa-pkm.canvas",
    "30 Knowlegde/34 Maps &  Index/34.2 Maps/+_CANVAS_AOC 1.canvas"
  ]
}