{
  "workspaces": {
    "Wellcome": {
      "main": {
        "id": "2178b4b13ad8d220",
        "type": "split",
        "children": [
          {
            "id": "50524fefcc348f5b",
            "type": "tabs",
            "children": [
              {
                "id": "3fcba4a223d06b4d",
                "type": "leaf",
                "pinned": true,
                "state": {
                  "type": "markdown",
                  "state": {
                    "file": "README.md",
                    "mode": "preview",
                    "source": false,
                    "backlinks": false
                  },
                  "pinned": true,
                  "icon": "lucide-file",
                  "title": "README"
                }
              },
              {
                "id": "2ae25e95b04e2293",
                "type": "leaf",
                "state": {
                  "type": "markdown",
                  "state": {
                    "file": "Credits & Attribution.md",
                    "mode": "preview",
                    "source": false,
                    "backlinks": false
                  },
                  "icon": "lucide-file",
                  "title": "Credits & Attribution"
                }
              }
            ]
          },
          {
            "id": "50e0819f0b84b066",
            "type": "tabs",
            "children": [
              {
                "id": "db989aa8a3728574",
                "type": "leaf",
                "state": {
                  "type": "localgraph",
                  "state": {
                    "file": "README.md",
                    "options": {
                      "collapse-filter": true,
                      "search": "",
                      "localJumps": 1,
                      "localBacklinks": true,
                      "localForelinks": true,
                      "localInterlinks": false,
                      "showTags": false,
                      "showAttachments": false,
                      "hideUnresolved": false,
                      "collapse-color-groups": true,
                      "colorGroups": [],
                      "collapse-display": true,
                      "showArrow": false,
                      "textFadeMultiplier": 0,
                      "nodeSizeMultiplier": 1,
                      "lineSizeMultiplier": 1,
                      "collapse-forces": true,
                      "centerStrength": 0.518713248970312,
                      "repelStrength": 10,
                      "linkStrength": 1,
                      "linkDistance": 250,
                      "scale": 1,
                      "close": true
                    }
                  },
                  "icon": "lucide-git-fork",
                  "title": "Graph of README"
                }
              }
            ]
          }
        ],
        "direction": "vertical"
      },
      "left": {
        "id": "da223467db4c9158",
        "type": "split",
        "children": [
          {
            "id": "3ba83bbb7904c6a3",
            "type": "tabs",
            "children": [
              {
                "id": "b34c0f902b1265c0",
                "type": "leaf",
                "state": {
                  "type": "file-explorer",
                  "state": {
                    "sortOrder": "alphabetical",
                    "autoReveal": false
                  },
                  "icon": "lucide-folder-closed",
                  "title": "Files"
                }
              },
              {
                "id": "c3dcb494a0674c29",
                "type": "leaf",
                "state": {
                  "type": "search",
                  "state": {
                    "query": "line:(resources)",
                    "matchingCase": false,
                    "explainSearch": false,
                    "collapseAll": false,
                    "extraContext": false,
                    "sortOrder": "alphabetical"
                  },
                  "icon": "lucide-search",
                  "title": "Search"
                }
              },
              {
                "id": "e0f7509dece0369f",
                "type": "leaf",
                "state": {
                  "type": "bookmarks",
                  "state": {},
                  "icon": "lucide-bookmark",
                  "title": "Bookmarks"
                }
              },
              {
                "id": "f7119f2528338e15",
                "type": "leaf",
                "state": {
                  "type": "outline",
                  "state": {
                    "file": "README.md",
                    "followCursor": false,
                    "showSearch": false,
                    "searchQuery": ""
                  },
                  "icon": "lucide-list",
                  "title": "Outline of README"
                }
              }
            ]
          }
        ],
        "direction": "horizontal",
        "width": 357.5110321044922,
        "collapsed": true
      },
      "right": {
        "id": "3703f7d8eaeb01fd",
        "type": "split",
        "children": [
          {
            "id": "c4e9b6b7a7b97459",
            "type": "tabs",
            "children": [
              {
                "id": "2386ef8588c3dc8e",
                "type": "leaf",
                "state": {
                  "type": "tag",
                  "state": {
                    "sortOrder": "frequency",
                    "useHierarchy": true,
                    "showSearch": false,
                    "searchQuery": ""
                  },
                  "icon": "lucide-tags",
                  "title": "Tags"
                }
              },
              {
                "id": "40be355d2ebab86f",
                "type": "leaf",
                "state": {
                  "type": "file-properties",
                  "state": {
                    "file": "README.md"
                  },
                  "icon": "lucide-info",
                  "title": "File properties for README"
                }
              },
              {
                "id": "5d297ae10b81be7a",
                "type": "leaf",
                "state": {
                  "type": "calendar",
                  "state": {},
                  "icon": "calendar-with-checkmark",
                  "title": "Calendar"
                }
              }
            ],
            "currentTab": 2
          },
          {
            "id": "13b64413b6cc874a",
            "type": "tabs",
            "children": [
              {
                "id": "1ebc49deb54dd0f7",
                "type": "leaf",
                "state": {
                  "type": "all-properties",
                  "state": {
                    "sortOrder": "frequency",
                    "showSearch": false,
                    "searchQuery": ""
                  },
                  "icon": "lucide-archive",
                  "title": "All properties"
                }
              },
              {
                "id": "42a6ccda79921454",
                "type": "leaf",
                "state": {
                  "type": "outgoing-link",
                  "state": {
                    "file": "README.md",
                    "linksCollapsed": false,
                    "unlinkedCollapsed": true
                  },
                  "icon": "links-going-out",
                  "title": "Outgoing links from README"
                }
              },
              {
                "id": "245a49aab2c5cdb7",
                "type": "leaf",
                "state": {
                  "type": "backlink",
                  "state": {
                    "file": "Index & Bases/X.base",
                    "collapseAll": false,
                    "extraContext": false,
                    "sortOrder": "alphabetical",
                    "showSearch": false,
                    "searchQuery": "",
                    "backlinkCollapsed": false,
                    "unlinkedCollapsed": true
                  },
                  "icon": "links-coming-in",
                  "title": "Backlinks for README"
                }
              }
            ],
            "currentTab": 2
          }
        ],
        "direction": "horizontal",
        "width": 461.5,
        "collapsed": true
      },
      "left-ribbon": {
        "hiddenItems": {
          "periodic-notes:Open today": false,
          "switcher:Open quick switcher": false,
          "graph:Open graph view": false,
          "canvas:Create new canvas": false,
          "daily-notes:Open today's daily note": false,
          "templates:Insert template": false,
          "command-palette:Open command palette": false,
          "random-note:Open random note": false,
          "audio-recorder:Start/stop recording": false,
          "workspaces:Manage workspace layouts": false,
          "bases:Create new base": false,
          "callout-manager:Insert Callout": false,
          "templater-obsidian:Templater": false
        }
      },
      "active": "3fcba4a223d06b4d",
      "mtime": "2026-01-22T14:33:04-03:00"
    },
    "Templates": {
      "main": {
        "id": "2178b4b13ad8d220",
        "type": "split",
        "children": [
          {
            "id": "50524fefcc348f5b",
            "type": "tabs",
            "children": [
              {
                "id": "2ebc9d81181b5b9f",
                "type": "leaf",
                "pinned": true,
                "state": {
                  "type": "markdown",
                  "state": {
                    "file": "X/Assets/Dataview/@-templates.md",
                    "mode": "preview",
                    "source": false,
                    "backlinks": false
                  },
                  "pinned": true,
                  "icon": "lucide-file",
                  "title": "@-templates"
                }
              }
            ]
          },
          {
            "id": "78b023501e1590ab",
            "type": "tabs",
            "children": [
              {
                "id": "b64ed266aedfd1a3",
                "type": "leaf",
                "state": {
                  "type": "markdown",
                  "state": {
                    "file": "X/Templates/Format/A-Daily Note Template.md",
                    "mode": "source",
                    "source": true,
                    "backlinks": false
                  },
                  "icon": "lucide-file",
                  "title": "A-Daily Note Template"
                }
              }
            ]
          }
        ],
        "direction": "vertical"
      },
      "left": {
        "id": "da223467db4c9158",
        "type": "split",
        "children": [
          {
            "id": "3ba83bbb7904c6a3",
            "type": "tabs",
            "children": [
              {
                "id": "b34c0f902b1265c0",
                "type": "leaf",
                "state": {
                  "type": "file-explorer",
                  "state": {
                    "sortOrder": "alphabetical",
                    "autoReveal": false
                  },
                  "icon": "lucide-folder-closed",
                  "title": "Files"
                }
              },
              {
                "id": "c3dcb494a0674c29",
                "type": "leaf",
                "state": {
                  "type": "search",
                  "state": {
                    "query": "line:(resources)",
                    "matchingCase": false,
                    "explainSearch": false,
                    "collapseAll": false,
                    "extraContext": false,
                    "sortOrder": "alphabetical"
                  },
                  "icon": "lucide-search",
                  "title": "Search"
                }
              },
              {
                "id": "e0f7509dece0369f",
                "type": "leaf",
                "state": {
                  "type": "bookmarks",
                  "state": {},
                  "icon": "lucide-bookmark",
                  "title": "Bookmarks"
                }
              },
              {
                "id": "f7119f2528338e15",
                "type": "leaf",
                "state": {
                  "type": "outline",
                  "state": {
                    "file": "X/Templates/Format/A-Daily Note Template.md",
                    "followCursor": false,
                    "showSearch": false,
                    "searchQuery": ""
                  },
                  "icon": "lucide-list",
                  "title": "Outline of A-Daily Note Template"
                }
              }
            ]
          }
        ],
        "direction": "horizontal",
        "width": 357.5110321044922,
        "collapsed": true
      },
      "right": {
        "id": "3703f7d8eaeb01fd",
        "type": "split",
        "children": [
          {
            "id": "c4e9b6b7a7b97459",
            "type": "tabs",
            "children": [
              {
                "id": "2386ef8588c3dc8e",
                "type": "leaf",
                "state": {
                  "type": "tag",
                  "state": {
                    "sortOrder": "frequency",
                    "useHierarchy": true,
                    "showSearch": false,
                    "searchQuery": ""
                  },
                  "icon": "lucide-tags",
                  "title": "Tags"
                }
              },
              {
                "id": "40be355d2ebab86f",
                "type": "leaf",
                "state": {
                  "type": "file-properties",
                  "state": {
                    "file": "X/Templates/Format/A-Daily Note Template.md"
                  },
                  "icon": "lucide-info",
                  "title": "File properties for A-Daily Note Template"
                }
              },
              {
                "id": "5d297ae10b81be7a",
                "type": "leaf",
                "state": {
                  "type": "calendar",
                  "state": {},
                  "icon": "calendar-with-checkmark",
                  "title": "Calendar"
                }
              }
            ],
            "currentTab": 2
          },
          {
            "id": "13b64413b6cc874a",
            "type": "tabs",
            "children": [
              {
                "id": "1ebc49deb54dd0f7",
                "type": "leaf",
                "state": {
                  "type": "all-properties",
                  "state": {
                    "sortOrder": "frequency",
                    "showSearch": false,
                    "searchQuery": ""
                  },
                  "icon": "lucide-archive",
                  "title": "All properties"
                }
              },
              {
                "id": "42a6ccda79921454",
                "type": "leaf",
                "state": {
                  "type": "outgoing-link",
                  "state": {
                    "file": "X/Templates/Format/A-Daily Note Template.md",
                    "linksCollapsed": false,
                    "unlinkedCollapsed": true
                  },
                  "icon": "links-going-out",
                  "title": "Outgoing links from A-Daily Note Template"
                }
              },
              {
                "id": "245a49aab2c5cdb7",
                "type": "leaf",
                "state": {
                  "type": "backlink",
                  "state": {
                    "file": "X/Templates/Format/A-Daily Note Template.md",
                    "collapseAll": false,
                    "extraContext": false,
                    "sortOrder": "alphabetical",
                    "showSearch": false,
                    "searchQuery": "",
                    "backlinkCollapsed": false,
                    "unlinkedCollapsed": true
                  },
                  "icon": "links-coming-in",
                  "title": "Backlinks for A-Daily Note Template"
                }
              }
            ],
            "currentTab": 2
          }
        ],
        "direction": "horizontal",
        "width": 461.5,
        "collapsed": true
      },
      "left-ribbon": {
        "hiddenItems": {
          "periodic-notes:Open today": false,
          "switcher:Open quick switcher": false,
          "graph:Open graph view": false,
          "canvas:Create new canvas": false,
          "daily-notes:Open today's daily note": false,
          "templates:Insert template": false,
          "command-palette:Open command palette": false,
          "random-note:Open random note": false,
          "audio-recorder:Start/stop recording": false,
          "workspaces:Manage workspace layouts": false,
          "bases:Create new base": false,
          "callout-manager:Insert Callout": false,
          "templater-obsidian:Templater": false
        }
      },
      "active": "b64ed266aedfd1a3",
      "mtime": "2026-01-22T14:34:01-03:00"
    },
    "Proposed usage structure & Base X": {
      "main": {
        "id": "2178b4b13ad8d220",
        "type": "split",
        "children": [
          {
            "id": "50524fefcc348f5b",
            "type": "tabs",
            "children": [
              {
                "id": "2d37778591bca290",
                "type": "leaf",
                "state": {
                  "type": "markdown",
                  "state": {
                    "file": "+/3 headspaces ACE.md",
                    "mode": "source",
                    "source": false,
                    "backlinks": false
                  },
                  "icon": "lucide-file",
                  "title": "3 headspaces ACE"
                }
              },
              {
                "id": "10f65ab7ae18554d",
                "type": "leaf",
                "pinned": true,
                "state": {
                  "type": "markdown",
                  "state": {
                    "file": "+/Base structure.md",
                    "mode": "source",
                    "source": false,
                    "backlinks": false
                  },
                  "pinned": true,
                  "icon": "lucide-file",
                  "title": "Base structure"
                }
              },
              {
                "id": "7a8df9f585975e98",
                "type": "leaf",
                "pinned": true,
                "state": {
                  "type": "markdown",
                  "state": {
                    "file": "Credits & Attribution.md",
                    "mode": "preview",
                    "source": false,
                    "backlinks": false
                  },
                  "pinned": true,
                  "icon": "lucide-file",
                  "title": "Credits & Attribution"
                }
              }
            ],
            "currentTab": 1,
            "stacked": true
          },
          {
            "id": "2e8e25650e5831c9",
            "type": "tabs",
            "children": [
              {
                "id": "6c9ec396e5ab5696",
                "type": "leaf",
                "pinned": true,
                "state": {
                  "type": "bases",
                  "state": {
                    "file": "Index & Bases/X.base",
                    "viewName": "Table"
                  },
                  "pinned": true,
                  "icon": "lucide-table",
                  "title": "X"
                }
              }
            ]
          }
        ],
        "direction": "vertical"
      },
      "left": {
        "id": "da223467db4c9158",
        "type": "split",
        "children": [
          {
            "id": "3ba83bbb7904c6a3",
            "type": "tabs",
            "children": [
              {
                "id": "b34c0f902b1265c0",
                "type": "leaf",
                "state": {
                  "type": "file-explorer",
                  "state": {
                    "sortOrder": "alphabetical",
                    "autoReveal": false
                  },
                  "icon": "lucide-folder-closed",
                  "title": "Files"
                }
              },
              {
                "id": "c3dcb494a0674c29",
                "type": "leaf",
                "state": {
                  "type": "search",
                  "state": {
                    "query": "line:(resources)",
                    "matchingCase": false,
                    "explainSearch": false,
                    "collapseAll": false,
                    "extraContext": false,
                    "sortOrder": "alphabetical"
                  },
                  "icon": "lucide-search",
                  "title": "Search"
                }
              },
              {
                "id": "e0f7509dece0369f",
                "type": "leaf",
                "state": {
                  "type": "bookmarks",
                  "state": {},
                  "icon": "lucide-bookmark",
                  "title": "Bookmarks"
                }
              },
              {
                "id": "f7119f2528338e15",
                "type": "leaf",
                "state": {
                  "type": "outline",
                  "state": {
                    "file": "+/Base structure.md",
                    "followCursor": false,
                    "showSearch": false,
                    "searchQuery": ""
                  },
                  "icon": "lucide-list",
                  "title": "Outline of Base structure"
                }
              }
            ]
          }
        ],
        "direction": "horizontal",
        "width": 357.5110321044922,
        "collapsed": true
      },
      "right": {
        "id": "3703f7d8eaeb01fd",
        "type": "split",
        "children": [
          {
            "id": "c4e9b6b7a7b97459",
            "type": "tabs",
            "children": [
              {
                "id": "2386ef8588c3dc8e",
                "type": "leaf",
                "state": {
                  "type": "tag",
                  "state": {
                    "sortOrder": "frequency",
                    "useHierarchy": true,
                    "showSearch": false,
                    "searchQuery": ""
                  },
                  "icon": "lucide-tags",
                  "title": "Tags"
                }
              },
              {
                "id": "40be355d2ebab86f",
                "type": "leaf",
                "state": {
                  "type": "file-properties",
                  "state": {
                    "file": "+/Base structure.md"
                  },
                  "icon": "lucide-info",
                  "title": "File properties for Base structure"
                }
              },
              {
                "id": "5d297ae10b81be7a",
                "type": "leaf",
                "state": {
                  "type": "calendar",
                  "state": {},
                  "icon": "calendar-with-checkmark",
                  "title": "Calendar"
                }
              }
            ],
            "currentTab": 2
          },
          {
            "id": "13b64413b6cc874a",
            "type": "tabs",
            "children": [
              {
                "id": "1ebc49deb54dd0f7",
                "type": "leaf",
                "state": {
                  "type": "all-properties",
                  "state": {
                    "sortOrder": "frequency",
                    "showSearch": false,
                    "searchQuery": ""
                  },
                  "icon": "lucide-archive",
                  "title": "All properties"
                }
              },
              {
                "id": "42a6ccda79921454",
                "type": "leaf",
                "state": {
                  "type": "outgoing-link",
                  "state": {
                    "file": "+/Base structure.md",
                    "linksCollapsed": false,
                    "unlinkedCollapsed": true
                  },
                  "icon": "links-going-out",
                  "title": "Outgoing links from Base structure"
                }
              },
              {
                "id": "245a49aab2c5cdb7",
                "type": "leaf",
                "state": {
                  "type": "backlink",
                  "state": {
                    "file": "+/Base structure.md",
                    "collapseAll": false,
                    "extraContext": false,
                    "sortOrder": "alphabetical",
                    "showSearch": false,
                    "searchQuery": "",
                    "backlinkCollapsed": false,
                    "unlinkedCollapsed": true
                  },
                  "icon": "links-coming-in",
                  "title": "Backlinks for Base structure"
                }
              }
            ],
            "currentTab": 2
          }
        ],
        "direction": "horizontal",
        "width": 461.5,
        "collapsed": true
      },
      "left-ribbon": {
        "hiddenItems": {
          "periodic-notes:Open today": false,
          "switcher:Open quick switcher": false,
          "graph:Open graph view": false,
          "canvas:Create new canvas": false,
          "daily-notes:Open today's daily note": false,
          "templates:Insert template": false,
          "command-palette:Open command palette": false,
          "random-note:Open random note": false,
          "audio-recorder:Start/stop recording": false,
          "workspaces:Manage workspace layouts": false,
          "bases:Create new base": false,
          "callout-manager:Insert Callout": false,
          "templater-obsidian:Templater": false
        }
      },
      "active": "10f65ab7ae18554d",
      "mtime": "2026-01-22T14:38:49-03:00"
    },
    "Css Snippets Collections": {
      "main": {
        "id": "2178b4b13ad8d220",
        "type": "split",
        "children": [
          {
            "id": "50524fefcc348f5b",
            "type": "tabs",
            "children": [
              {
                "id": "3fcba4a223d06b4d",
                "type": "leaf",
                "pinned": true,
                "state": {
                  "type": "markdown",
                  "state": {
                    "file": "README.md",
                    "mode": "preview",
                    "source": false,
                    "backlinks": false
                  },
                  "pinned": true,
                  "icon": "lucide-file",
                  "title": "README"
                }
              },
              {
                "id": "2ae25e95b04e2293",
                "type": "leaf",
                "pinned": true,
                "state": {
                  "type": "bases",
                  "state": {
                    "file": "Index & Bases/X.base",
                    "viewName": "Css Snippets"
                  },
                  "pinned": true,
                  "icon": "lucide-layout-grid",
                  "title": "X"
                }
              }
            ],
            "currentTab": 1
          }
        ],
        "direction": "vertical"
      },
      "left": {
        "id": "da223467db4c9158",
        "type": "split",
        "children": [
          {
            "id": "3ba83bbb7904c6a3",
            "type": "tabs",
            "children": [
              {
                "id": "b34c0f902b1265c0",
                "type": "leaf",
                "state": {
                  "type": "file-explorer",
                  "state": {
                    "sortOrder": "alphabetical",
                    "autoReveal": false
                  },
                  "icon": "lucide-folder-closed",
                  "title": "Files"
                }
              },
              {
                "id": "c3dcb494a0674c29",
                "type": "leaf",
                "state": {
                  "type": "search",
                  "state": {
                    "query": "line:(resources)",
                    "matchingCase": false,
                    "explainSearch": false,
                    "collapseAll": false,
                    "extraContext": false,
                    "sortOrder": "alphabetical"
                  },
                  "icon": "lucide-search",
                  "title": "Search"
                }
              },
              {
                "id": "e0f7509dece0369f",
                "type": "leaf",
                "state": {
                  "type": "bookmarks",
                  "state": {},
                  "icon": "lucide-bookmark",
                  "title": "Bookmarks"
                }
              },
              {
                "id": "f7119f2528338e15",
                "type": "leaf",
                "state": {
                  "type": "outline",
                  "state": {
                    "file": "README.md",
                    "followCursor": false,
                    "showSearch": false,
                    "searchQuery": ""
                  },
                  "icon": "lucide-list",
                  "title": "Outline of README"
                }
              }
            ]
          }
        ],
        "direction": "horizontal",
        "width": 357.5110321044922
      },
      "right": {
        "id": "3703f7d8eaeb01fd",
        "type": "split",
        "children": [
          {
            "id": "c4e9b6b7a7b97459",
            "type": "tabs",
            "children": [
              {
                "id": "2386ef8588c3dc8e",
                "type": "leaf",
                "state": {
                  "type": "tag",
                  "state": {
                    "sortOrder": "frequency",
                    "useHierarchy": true,
                    "showSearch": false,
                    "searchQuery": ""
                  },
                  "icon": "lucide-tags",
                  "title": "Tags"
                }
              },
              {
                "id": "40be355d2ebab86f",
                "type": "leaf",
                "state": {
                  "type": "file-properties",
                  "state": {
                    "file": "README.md"
                  },
                  "icon": "lucide-info",
                  "title": "File properties for README"
                }
              },
              {
                "id": "5d297ae10b81be7a",
                "type": "leaf",
                "state": {
                  "type": "calendar",
                  "state": {},
                  "icon": "calendar-with-checkmark",
                  "title": "Calendar"
                }
              }
            ],
            "currentTab": 2
          },
          {
            "id": "13b64413b6cc874a",
            "type": "tabs",
            "children": [
              {
                "id": "1ebc49deb54dd0f7",
                "type": "leaf",
                "state": {
                  "type": "all-properties",
                  "state": {
                    "sortOrder": "frequency",
                    "showSearch": false,
                    "searchQuery": ""
                  },
                  "icon": "lucide-archive",
                  "title": "All properties"
                }
              },
              {
                "id": "42a6ccda79921454",
                "type": "leaf",
                "state": {
                  "type": "outgoing-link",
                  "state": {
                    "file": "README.md",
                    "linksCollapsed": false,
                    "unlinkedCollapsed": true
                  },
                  "icon": "links-going-out",
                  "title": "Outgoing links from README"
                }
              },
              {
                "id": "245a49aab2c5cdb7",
                "type": "leaf",
                "state": {
                  "type": "backlink",
                  "state": {
                    "file": "Index & Bases/X.base",
                    "collapseAll": false,
                    "extraContext": false,
                    "sortOrder": "alphabetical",
                    "showSearch": false,
                    "searchQuery": "",
                    "backlinkCollapsed": false,
                    "unlinkedCollapsed": true
                  },
                  "icon": "links-coming-in",
                  "title": "Backlinks for X"
                }
              }
            ],
            "currentTab": 2
          }
        ],
        "direction": "horizontal",
        "width": 461.5,
        "collapsed": true
      },
      "left-ribbon": {
        "hiddenItems": {
          "periodic-notes:Open today": false,
          "switcher:Open quick switcher": false,
          "graph:Open graph view": false,
          "canvas:Create new canvas": false,
          "daily-notes:Open today's daily note": false,
          "templates:Insert template": false,
          "command-palette:Open command palette": false,
          "random-note:Open random note": false,
          "audio-recorder:Start/stop recording": false,
          "workspaces:Manage workspace layouts": false,
          "bases:Create new base": false,
          "callout-manager:Insert Callout": false,
          "templater-obsidian:Templater": false
        }
      },
      "active": "2ae25e95b04e2293",
      "mtime": "2026-01-22T14:42:34-03:00"
    }
  },
  "active": "Wellcome"
}